Id,Name,Description,IsActive,External_ID__c
01tWs000006exmnIAA,Luxury Vehicle Concierge Service,"Exclusive concierge service for luxury vehicle owners, covering maintenance and special requirements.",1,"Vehicle Maintenance Services,Luxury Vehicles_49"
01tWs000006f4iYIAQ,2023 GMC Sierra 1500,"A durable and highly capable truck, perfect for both work and leisure activities.",1,New Vehicles_42
01tWs000006f4iZIAQ,2024 Volkswagen ID.4,A stylish electric SUV offering zero-emissions driving and cutting-edge technology.,1,New Vehicles_47
01tWs000006f64QIAQ,2021 Volvo XC60,"A certified pre-owned SUV known for its leading safety features, comfort, and refined Scandinavian design.",1,"Certified Pre-Owned Vehicles,Luxury Vehicles_12"
01tWs000006f6h8IAA,2020 Mercedes-Benz GLC,"A certified pre-owned SUV with modern luxury, comfort, and agile performance.",1,"Certified Pre-Owned Vehicles,Luxury Vehicles_50"
01tWs000006f6veIAA,2022 BMW X5 M,"A high-performance SUV offering a blend of luxury, power, and cutting-edge technology.",1,"Certified Pre-Owned Vehicles,Luxury Vehicles_2"
01tWs000006f7LSIAY,2023 AutoElite Summer Safety Inspection,A thorough vehicle inspection service to ensure your car is safe for summer drives.,1,Vehicle Maintenance Services_48
01tWs000006f7ZyIAI,2024 Tesla Model S,An all-electric luxury sedan with advanced autonomous driving features and long-range battery.,1,"New Vehicles,Luxury Vehicles_1"
01tWs000006f7dBIAQ,2023 Mercedes-Benz E-Class,"A luxury mid-size sedan known for its elegance, comfort, and state-of-the-art features.",1,"New Vehicles,Luxury Vehicles_3"
01tWs000006f7enIAA,AutoElite Comprehensive Maintenance Plan,A competitive maintenance plan providing regular service check-ups and significant cost savings on repairs.,1,Vehicle Maintenance Services_4
01tWs000006f7gPIAQ,2021 Audi Q7,"A premium SUV with a spacious interior, advanced infotainment system, and all-wheel drive capabilities.",1,"Certified Pre-Owned Vehicles,Luxury Vehicles_5"
01tWs000006f7i1IAA,Flexible Financing Solutions,Various financing options designed to make purchasing your dream vehicle more affordable.,1,Financing and Warranty Options_6
01tWs000006f7i2IAA,Extended Warranty Plan,An extended warranty plan offering peace of mind by covering repair costs beyond the manufacturer's warranty.,1,Financing and Warranty Options_9
01tWs000006f7jdIAA,2023 Ford F-150,"A versatile new model of America's best-selling truck, perfect for work and leisure.",1,New Vehicles_7
01tWs000006f7lFIAQ,2020 Lexus RX 350,A certified pre-owned luxury SUV with a smooth ride and reliable performance.,1,"Certified Pre-Owned Vehicles,Luxury Vehicles_8"
01tWs000006f7lGIAQ,2023 AutoElite Winter Tire Package,A comprehensive package offering winter tires and professional installation to ensure safety on icy roads.,1,Vehicle Maintenance Services_33
01tWs000006f7mrIAA,Seasonal Tire Change Service,A maintenance service preparing your vehicle for seasonal weather conditions with professional tire change and inspection.,1,Vehicle Maintenance Services_10
01tWs000006f7oTIAQ,2024 Porsche 911 Carrera,"A sophisticated sports car combining iconic design, exceptional handling, and powerful performance.",1,"New Vehicles,Luxury Vehicles_11"
01tWs000006f7q5IAA,AutoElite Oil Change Package,A comprehensive oil change service using high-quality synthetic oil for improved vehicle performance.,1,Vehicle Maintenance Services_13
01tWs000006f7rhIAA,2023 Subaru Outback,A rugged and versatile SUV suitable for adventure seekers looking for durability and all-terrain capability.,1,New Vehicles_14
01tWs000006f7tJIAQ,2020 Chevrolet Tahoe,A spacious and reliable SUV with advanced technology designed for family trips and long drives.,1,Certified Pre-Owned Vehicles_15
01tWs000006f7uvIAA,Luxury Lease Solutions,Flexible lease options for luxury vehicles making high-end car experiences more attainable.,1,"Financing and Warranty Options,Luxury Vehicles_16"
01tWs000006f7wXIAQ,2023 Nissan Leaf,An eco-friendly electric vehicle with cutting-edge technology and modern designs for sustainable driving.,1,New Vehicles_17
01tWs000006f7y9IAA,AutoElite Emergency Roadside Assistance,Round-the-clock roadside assistance service to ensure peace of mind for unexpected car troubles.,1,Vehicle Maintenance Services_18
01tWs000006f7zlIAA,2022 Cadillac XT6,A certified pre-owned luxury three-row SUV offering spacious interiors and sophisticated styling.,1,"Certified Pre-Owned Vehicles,Luxury Vehicles_19"
01tWs000006f81NIAQ,Winter Protection Package,"A service package including exterior wax, interior detailing, and antifreeze recharge for winter readiness.",1,Vehicle Maintenance Services_20
01tWs000006f82zIAA,2024 Genesis G80,A luxury sedan that combines sleek design with advanced safety and infotainment features.,1,"New Vehicles,Luxury Vehicles_21"
01tWs000006f830IAA,AutoElite Premium Protection Film,"Superior protection film service for your vehicle's paint, shielding against chips and scratches.",1,Vehicle Maintenance Services_46
01tWs000006f84bIAA,2022 Toyota Camry Hybrid,An eco-friendly sedan known for its fuel efficiency and reliable performance.,1,Certified Pre-Owned Vehicles_22
01tWs000006f86DIAQ,Performance Brake Package,High-performance brake servicing to ensure optimal vehicle stopping power and safety.,1,Vehicle Maintenance Services_23
01tWs000006f87pIAA,AutoElite Car Detailing Package,A premium detailing service ensuring your vehicle looks and feels brand new.,1,Vehicle Maintenance Services_24
01tWs000006f89RIAQ,2023 Jaguar F-Pace,"A luxury crossover SUV combining performance, versatility, and style.",1,"New Vehicles,Luxury Vehicles_25"
01tWs000006f8B3IAI,2020 Honda Civic,A reliable and economical certified pre-owned compact car with a modern design.,1,Certified Pre-Owned Vehicles_26
01tWs000006f8CfIAI,AutoElite Extended Service Contract,An extended service plan providing comprehensive coverage for unexpected repairs.,1,Financing and Warranty Options_27
01tWs000006f8EHIAY,Battery Health Check,A seasonal service to test and ensure your vehicle's battery is in optimal condition.,1,Vehicle Maintenance Services_28
01tWs000006f8FtIAI,2023 Alfa Romeo Stelvio,A stylish and dynamic SUV with Italian design flair and impressive handling.,1,"New Vehicles,Luxury Vehicles_29"
01tWs000006f8HVIAY,AutoElite Lease-End Protection,A plan designed to cover potential wear-and-tear costs at the end of a lease agreement.,1,Financing and Warranty Options_30
01tWs000006f8J7IAI,2024 Jeep Grand Cherokee,A rugged and luxurious SUV with impressive off-road capabilities and modern technology.,1,"New Vehicles,Luxury Vehicles_31"
01tWs000006f8KjIAI,2022 Acura RDX,A certified pre-owned luxury compact SUV known for its performance and comfortable interior.,1,"Certified Pre-Owned Vehicles,Luxury Vehicles_32"
01tWs000006f8MLIAY,2019 Ford Explorer,A pre-owned SUV with a focus on versatility and family-friendly features.,1,Certified Pre-Owned Vehicles_34
01tWs000006f8NxIAI,AutoElite Paint Protection Plan,A service plan designed to maintain your vehicle's exterior with high-quality paint protection treatments.,1,Vehicle Maintenance Services_35
01tWs000006f8PZIAY,2023 Kia Sorento,"A new mid-size SUV with spacious interiors, advanced safety features, and efficient performance.",1,New Vehicles_36
01tWs000006f8RBIAY,AutoElite Tire Rotation Service,A maintenance service ensuring even tire wear and prolonging tire life with rotation and balancing.,1,Vehicle Maintenance Services_37
01tWs000006f8SnIAI,2021 Infiniti QX80,A certified pre-owned luxury SUV offering commanding presence and premium comfort.,1,"Certified Pre-Owned Vehicles,Luxury Vehicles_38"
01tWs000006f8UPIAY,2024 Lincoln Navigator,"An upscale full-size SUV combining elegance, advanced technology, and powerful performance.",1,"New Vehicles,Luxury Vehicles_39"
01tWs000006f8W1IAI,2020 Hyundai Sonata,A reliable certified pre-owned sedan with modern features and excellent fuel efficiency.,1,Certified Pre-Owned Vehicles_40
01tWs000006f8XdIAI,2024 Aston Martin DB11,A luxury grand tourer offering sublime design and exceptional performance.,1,"New Vehicles,Luxury Vehicles_41"
01tWs000006f8ZFIAY,AutoElite Interior Protection Plan,A comprehensive plan to ensure the interior of your vehicle remains in premium condition.,1,Vehicle Maintenance Services_43
01tWs000006f8arIAA,2021 Mazda CX-5,"A certified pre-owned crossover with sleek design, modern technology, and safety features.",1,Certified Pre-Owned Vehicles_44
01tWs000006f8cTIAQ,2022 Audi A6,A sophisticated and technologically advanced certified pre-owned luxury sedan.,1,"Certified Pre-Owned Vehicles,Luxury Vehicles_45"
01tWs000006sKfrIAE,Shipping Charge Product,Default shipping product to calculate standard shipping charges.,1,
