Id,FirstName,LastName,Email,Phone,Username,Alias
005Ws000005Ewu8IAC,Integration,User,noreply@example.com,,integration@00dws00000aeapvma3.com,integ
005Ws000005Ewu9IAC,Automated,Process,noreply@00dws00000aeapvma3,,autoproc@00dws00000aeapvma3,autoproc
005Ws000005EwuBIAS,,Platform Integration User,noreply@00dws00000aeapvma3,,cloud@00dws00000aeapvma3,platint
005Ws000005EwuIIAS,,Chatter Expert,noreply@example.com,,chatty.00dws00000aeapvma3.7vl4bfpverih@chatter.salesforce.com,Chatter
005Ws000005EwuLIAS,,Data.com Clean,noreply@00dws00000aeapvma3,,automatedclean@00dws00000aeapvma3,autocln
005Ws000005EwuQIAS,,Commerce,noreply@00dws00000aeapvma3,,commerce@00dws00000aeapvma3,commerce
005Ws000005EwuYIAS,Security,User,noreply@example.com,,insightssecurity@00dws00000aeapvma3.com,sec
005Ws000005EyCjIAK,Steeve,Huang,kh.huang+00dws00000aeapv@salesforce.com,,kh.huang+00dws00000aeapv@salesforce.com,STroo
005Ws000005EyizIAC,Insights,Integration,insightsintegration@00dws00000aeapvma3.ext,,insightsintegration@00dws00000aeapvma3.ext,insights
005Ws000005Eyj0IAC,B2BMA,Integration,noreply@salesforce.com,,b2bmaintegration@00dws00000aeapvma3.ext,b2bmausr
005Ws000005Eyj1IAC,SalesforceIQ,Integration,salesforceiqintegration@00dws00000aeapvma3.ext,,salesforceiqintegration@00dws00000aeapvma3.ext,siquser
005Ws000005RC3qIAG,Fatou,Gueye,fatougueye@cardealership.com,555-222-4545,1746117008.yyytp.fatougueye@cardealership.com,ou.gueye
005Ws000005RCn0IAG,Carlos,Ruiz,carlosruiz@cardealership.com,555-321-6543,1746117008.3cuki.carlosruiz@cardealership.com,los.ruiz
005Ws000005RCqEIAW,Fernando,Gomez,fernandogomez@cardealership.com,555-890-7645,1746117008.hfeni.fernandogomez@cardealership.com,do.gomez
005Ws000005RDfqIAG,David,Ng,davidng@cardealership.com,555-345-6789,1746117008.s2uu0.davidng@cardealership.com,david.ng
005Ws000005RDmIIAW,Oleg,Ivanov,olegivanov@cardealership.com,555-987-6543,1746117008.tm475.olegivanov@cardealership.com,g.ivanov
005Ws000005RDmJIAW,Farah,Abdullah,farahabdullah@cardealership.com,555-349-7856,1746117008.r1a3e.farahabdullah@cardealership.com,abdullah
005Ws000005RDxaIAG,Nia,Wilson,niawilson@cardealership.com,555-698-1234,1746117008.6fu3w.niawilson@cardealership.com,a.wilson
005Ws000005RE7HIAW,Fatima,Noor,fatimanoor@cardealership.com,555-567-1234,1746117008.0bydj.fatimanoor@cardealership.com,ima.noor
005Ws000005RETqIAO,Alexander,Müller,alexandermuller@cardealership.com,555-789-0124,1746117008.mwvir.alexandermuller@cardealership.com,r.müller
005Ws000005REVSIA4,Jamal,Al-Muhammad,jamalmuhammad@cardealership.com,555-123-0987,1746117008.lgb1a.jamalmuhammad@cardealership.com,muhammad
005Ws000005REdWIAW,Sara,Al-Habsi,saraalhabsi@cardealership.com,555-987-6543,1746117008.4hvv5.saraalhabsi@cardealership.com,al-habsi
005Ws000005REdXIAW,Adel,El-Fayoumi,adelelfayoumi@cardealership.com,555-789-0432,1746117008.56e1j.adelelfayoumi@cardealership.com,-fayoumi
005Ws000005REqRIAW,Saif,Al-Farsi,saifalfarsi@cardealership.com,555-890-5432,1746117008.r2n0l.saifalfarsi@cardealership.com,al-farsi
005Ws000005REvGIAW,Kwesi,Mensah,kwesimensah@cardealership.com,555-777-8889,1746117008.qbr3t.kwesimensah@cardealership.com,i.mensah
005Ws000005REvHIAW,Danieles,Silveira,danielessilveira@cardealership.com,555-981-2345,1746117008.bdtgu.danielessilveira@cardealership.com,silveira
005Ws000005RF1jIAG,Maria,Rodriguez,mariarodriguez@cardealership.com,555-678-6545,1746117008.fg0cu.mariarodriguez@cardealership.com,odriguez
005Ws000005RF3KIAW,Laila,Ali,lailabenali@cardealership.com,555-678-3456,1746117008.fkc05.lailabenali@cardealership.com,aila.ali
005Ws000005RFpiIAG,Mei,Lin,meilin@cardealership.com,555-123-7890,1746117008.dxikq.meilin@cardealership.com,mei.lin
005Ws000005RFpjIAG,Angela,Okafor,angelaokafor@cardealership.com,555-902-7913,1746117008.fiz0r.angelaokafor@cardealership.com,a.okafor
005Ws000005RFrKIAW,Emmanuel,Okeke,emmanuelokeke@cardealership.com,555-345-9871,1746117008.ur76t.emmanuelokeke@cardealership.com,el.okeke
005Ws000005RGPCIA4,Abigail,Johnson,abigailjohnson@cardealership.com,555-246-7890,1746117008.9h5qh.abigailjohnson@cardealership.com,.johnson
005Ws000005RGc5IAG,Aisha,Khan,aishakhan@cardealership.com,555-987-1234,1746117008.jlmuk.aishakhan@cardealership.com,sha.khan
005Ws000005RGc6IAG,Tatiana,Volkov,tatianavolkov@cardealership.com,555-890-1234,1746117008.azs7z.tatianavolkov@cardealership.com,a.volkov
005Ws000005RGdhIAG,Carlos,Montenegro,carlosmontenegro@cardealership.com,555-654-3210,1746117008.seojt.carlosmontenegro@cardealership.com,ntenegro
005Ws000005RGfJIAW,Yu,Yan,yuyan@cardealership.com,555-321-9876,1746117008.q3ff7.yuyan@cardealership.com,yu.yan
005Ws000005RGgwIAG,Felipe,Costa,felipecosta@cardealership.com,555-774-1911,1746117008.pt9g7.felipecosta@cardealership.com,pe.costa
005Ws000005RGiXIAW,Priya,Sharma,priyasharma@cardealership.com,555-789-6543,1746117008.wl1hv.priyasharma@cardealership.com,a.sharma
005Ws000005RGiYIAW,Ravi,Chandra,ravichandra@cardealership.com,555-456-7892,1746117008.b3x0o.ravichandra@cardealership.com,.chandra
005Ws000005RGiZIAW,Kamila,Novak,kamilanovak@cardealership.com,555-710-2456,1746117008.e191b.kamilanovak@cardealership.com,la.novak
005Ws000005RGk9IAG,Omar,Abdallah,omarabdallah@cardealership.com,555-432-5678,1746117008.guope.omarabdallah@cardealership.com,abdallah
005Ws000005RGllIAG,Chin,Ho,chinho@cardealership.com,555-678-4321,1746117008.gtnex.chinho@cardealership.com,chin.ho
005Ws000005RGnOIAW,Sofia,Nielsen,sofianielsen@cardealership.com,555-890-5678,1746117008.rvjji.sofianielsen@cardealership.com,.nielsen
005Ws000005RGozIAG,Samuel,Okoro,samuelokoro@cardealership.com,555-567-0987,1746117008.ccxsp.samuelokoro@cardealership.com,el.okoro
005Ws000005RGqbIAG,Emily,Jackson,emilyjackson@cardealership.com,555-345-6789,1746117008.hy8l3.emilyjackson@cardealership.com,.jackson
005Ws000005RGsDIAW,Arjun,Patel,arjunpatel@cardealership.com,555-234-5678,1746117008.6pgpy.arjunpatel@cardealership.com,un.patel
005Ws000005RGtpIAG,Liam,O'Reilly,liamoreilly@cardealership.com,555-123-4560,1746117008.24uqw.liamoreilly@cardealership.com,o'reilly
005Ws000005RGvRIAW,Yumi,Nakamura,yuminakamura@cardealership.com,555-678-9012,1746117008.hdu9d.yuminakamura@cardealership.com,nakamura
005Ws000005RGx3IAG,Fatima,El-Masry,fatimaelmasry@cardealership.com,555-234-5670,1746117008.i7mjz.fatimaelmasry@cardealership.com,el-masry
005Ws000005RGyfIAG,Ivan,Petrov,ivanpetrov@cardealership.com,555-789-0123,1746117008.2qdom.ivanpetrov@cardealership.com,n.petrov
005Ws000005RGygIAG,Sophia,Chen,sophiachen@cardealership.com,555-234-1098,1746117008.uopdz.sophiachen@cardealership.com,hia.chen
005Ws000005RH0HIAW,Chloe,Lee,chloelee@cardealership.com,555-890-3456,1746117008.c68b0.chloelee@cardealership.com,hloe.lee
005Ws000005RH1tIAG,Rajesh,Gupta,rajeshgupta@cardealership.com,555-678-2345,1746117008.2ndjd.rajeshgupta@cardealership.com,sh.gupta
005Ws000005RH1uIAG,Maria,Santos,mariasantos@cardealership.com,555-345-6781,1746117008.2r58j.mariasantos@cardealership.com,a.santos
005Ws000005RH3VIAW,Nina,Müller,ninamuller@cardealership.com,555-456-7890,1746117008.8q77v.ninamuller@cardealership.com,a.müller
005Ws000005RH57IAG,Abdul,Rahman,abdulrahman@cardealership.com,555-567-8901,1746117008.3xx15.abdulrahman@cardealership.com,l.rahman
005Ws000005RH6jIAG,Lucy,Chen,lucychen@cardealership.com,555-678-9013,1746117008.bt0sf.lucychen@cardealership.com,ucy.chen
005Ws000005RH6kIAG,Alejandra,Torres,alejandratorres@cardealership.com,555-098-7654,1746117008.81xmo.alejandratorres@cardealership.com,a.torres
005Ws000005RH8LIAW,Amara,Igbokwe,amaraigbokwe@cardealership.com,555-765-4321,1746117008.s99t3.amaraigbokwe@cardealership.com,.igbokwe
005Ws000005RH8MIAW,Jin,Park,jinpark@cardealership.com,555-678-5432,1746117008.46r0w.jinpark@cardealership.com,jin.park
005Ws000005RH9xIAG,Mateo,Silva,mateosilva@cardealership.com,555-123-0987,1746117008.a11ct.mateosilva@cardealership.com,eo.silva
005Ws000005RHBZIA4,Hiroshi,Tanaka,hiroshitanaka@cardealership.com,555-234-7891,1746117008.3rr1j.hiroshitanaka@cardealership.com,i.tanaka
005Ws000005RHBaIAO,Amina,Yusuf,aminayusuf@cardealership.com,555-890-1235,1746117008.7ziz0.aminayusuf@cardealership.com,na.yusuf
005Ws000005RHDBIA4,Bakari,Saidi,bakarisaidi@cardealership.com,555-432-1098,1746117008.9rzwc.bakarisaidi@cardealership.com,ri.saidi
005Ws000005RHDCIA4,Fatima,El-Ghazali,fatimaelghazali@cardealership.com,555-134-5678,1746117008.jcrvc.fatimaelghazali@cardealership.com,-ghazali
005Ws000005RHEnIAO,Anita,Rossi,anitarossi@cardealership.com,555-678-1230,1746117008.0w0xt.anitarossi@cardealership.com,ta.rossi
005Ws000005RHGPIA4,Felix,Bakker,felixbakker@cardealership.com,555-890-4567,1746117008.w4i9v.felixbakker@cardealership.com,x.bakker
005Ws000005RHI1IAO,Ming,Li,mingli@cardealership.com,555-901-2345,1746117008.8s85e.mingli@cardealership.com,ming.li
005Ws000005RHJdIAO,Sofia,Hassan,sofiahassan@cardealership.com,555-012-3456,1746117008.ay1l8.sofiahassan@cardealership.com,a.hassan
005Ws000005RHLFIA4,Diego,Morales,diegomorales@cardealership.com,555-234-5679,1746117008.cfxs3.diegomorales@cardealership.com,.morales
005Ws000005RHMrIAO,Aisha,Ahmed,aishaahmed@cardealership.com,555-345-6782,1746117008.240kk.aishaahmed@cardealership.com,ha.ahmed
005Ws000005RHOTIA4,Lian,Zhang,lianzhang@cardealership.com,555-456-7891,1746117008.c7har.lianzhang@cardealership.com,an.zhang
005Ws000005RHQ5IAO,Mateo,Fernandez,mateofernandez@cardealership.com,555-567-8902,1746117008.7lhib.mateofernandez@cardealership.com,ernandez
005Ws000005RHRhIAO,Priya,Desai,priyadesai@cardealership.com,555-678-9014,1746117008.ymgcp.priyadesai@cardealership.com,ya.desai
005Ws000005RHTJIA4,Hiroki,Sato,hiroki@cardealership.com,555-901-2346,1746117008.pqdoc.hiroki@cardealership.com,oki.sato
005Ws000005RHTKIA4,Mei,Chen,meichen@cardealership.com,555-890-5674,1746117008.7f6hz.meichen@cardealership.com,mei.chen
005Ws000005RHUvIAO,Elena,Pavlova,elenapavlova@cardealership.com,555-123-4567,1746117008.4ckjj.elenapavlova@cardealership.com,.pavlova
005Ws000005RHWXIA4,Dmitri,Ivanov,dmitriivanov@cardealership.com,555-678-9015,1746117008.snp5p.dmitriivanov@cardealership.com,i.ivanov
005Ws000005RHY9IAO,Jamal,Johnson,jamaljohnson@cardealership.com,555-234-1234,1746117008.mpx56.jamaljohnson@cardealership.com,.johnson
005Ws000005RHZlIAO,Li,Wei,liwei@cardealership.com,555-345-1234,1746117008.bun6t.liwei@cardealership.com,li.wei
005Ws000005RHbNIAW,Carlos,Mendes,carlosmendes@cardealership.com,555-456-1234,1746117008.lj12p.carlosmendes@cardealership.com,s.mendes
005Ws000005RHczIAG,Sophia,Grimaldi,sophia.grimaldi@cardealership.com,555-678-1235,1746117008.azfti.sophia.grimaldi@cardealership.com,grimaldi
005Ws000005RHd0IAG,Ezekiel,Ndidi,ezekielndidi@cardealership.com,555-889-9900,1746117008.0dswm.ezekielndidi@cardealership.com,el.ndidi
005Ws000005RHebIAG,Adewale,Onyekachi,adewaleonyekachi@cardealership.com,555-789-1235,1746117008.bly69.adewaleonyekachi@cardealership.com,nyekachi
005Ws000005RHgDIAW,Keiko,Mori,keikomori@cardealership.com,555-890-1237,1746117008.vc1uf.keikomori@cardealership.com,iko.mori
005Ws000005RHhpIAG,Linh,Nguyen,linhnguyen@cardealership.com,555-901-1238,1746117008.7vhdo.linhnguyen@cardealership.com,h.nguyen
005Ws000005RHjRIAW,John,Smith,johnsmith@cardealership.com,555-012-3457,1746117008.g0u1g.johnsmith@cardealership.com,hn.smith
005Ws000005RHl3IAG,Thiago,Silva,thiagosilva@cardealership.com,555-234-5670,1746117008.y2d5f.thiagosilva@cardealership.com,go.silva
005Ws000005RHmfIAG,Zara,Ali,zaraali@cardealership.com,555-345-6781,1746117008.49gmn.zaraali@cardealership.com,zara.ali
005Ws000005RHoHIAW,Liu,Wei,liuwei@cardealership.com,555-567-8903,1746117008.3hsgg.liuwei@cardealership.com,liu.wei
005Ws000005RHptIAG,Fatima,Khalid,fatimakhalid@cardealership.com,555-678-9016,1746117008.7n5qx.fatimakhalid@cardealership.com,a.khalid
005Ws000005RHrVIAW,Michael,Johnson,michaeljohnson@cardealership.com,555-789-0125,1746117008.3d9kl.michaeljohnson@cardealership.com,.johnson
005Ws000005RHt7IAG,Haruto,Saito,harutosaito@cardealership.com,555-890-1238,1746117008.poz4i.harutosaito@cardealership.com,to.saito
005Ws000005RHujIAG,Nadia,Gonzalez,nadiagonzalez@cardealership.com,555-012-3458,1746117008.najuo.nadiagonzalez@cardealership.com,gonzalez
005Ws000005RHwLIAW,Ethan,Williams,ethanwilliams@cardealership.com,555-123-4561,1746117008.rm33s.ethanwilliams@cardealership.com,williams
005Ws000005RHxxIAG,Rashmi,Basu,rashmibasu@cardealership.com,555-213-5467,1746117008.dvqih.rashmibasu@cardealership.com,hmi.basu
005Ws000005RHxyIAG,Jacob,Smith,jacobsmith@cardealership.com,555-983-0012,1746117008.slo3m.jacobsmith@cardealership.com,ob.smith
005Ws000005RHzZIAW,Sebastian,Martinez,sebastianmartinez@cardealership.com,555-865-2345,1746117008.8h5zv.sebastianmartinez@cardealership.com,martinez
005Ws000005RHzaIAG,Sandeep,Kumar,sandeepkumar@cardealership.com,555-405-9812,1746117008.5v064.sandeepkumar@cardealership.com,ep.kumar
005Ws000005RHzbIAG,Aditya,Kapoor,adityakapoor@cardealership.com,555-273-1109,1746117008.0sy6g.adityakapoor@cardealership.com,a.kapoor
005Ws000005RHzcIAG,Aisha,Patel,aisha.patel@carhub.com,234-567-8901,1746117008.9t4mt.aisha.patel@carhub.com,ha.patel
005Ws000005RI1BIAW,Jing,Yi,jingyi@cardealership.com,555-673-9087,1746117008.rmx6j.jingyi@cardealership.com,jing.yi
005Ws000005RI2nIAG,Anastasia,Petrova,anastasiapetrova@cardealership.com,555-234-6789,1746117008.9xh5v.anastasiapetrova@cardealership.com,.petrova
005Ws000005RI4PIAW,Tariq,Al-Farsi,tariqalfarsi@cardealership.com,555-909-3345,1746117008.hopaw.tariqalfarsi@cardealership.com,al-farsi
005Ws000005RI61IAG,Kwame,Otieno,kwameotieno@cardealership.com,555-462-8574,1746117008.fefp9.kwameotieno@cardealership.com,e.otieno
005Ws000005RI7dIAG,Noor,Al-Zayani,nooralzayani@cardealership.com,555-333-1212,1746117008.789oh.nooralzayani@cardealership.com,l-zayani
005Ws000005RI9FIAW,Noah,Brown,noahbrown@cardealership.com,555-111-2222,1746117008.d88jz.noahbrown@cardealership.com,ah.brown
005Ws000005RIArIAO,Leila,El-Tayeb,leilaeltayeb@cardealership.com,555-333-4444,1746117008.a0yyk.leilaeltayeb@cardealership.com,el-tayeb
005Ws000005RICTIA4,Hassan,Jafari,hassanjafari@cardealership.com,555-555-6666,1746117008.cob9v.hassanjafari@cardealership.com,n.jafari
005Ws000005RIE5IAO,Elena,Greco,elenagreco@cardealership.com,555-777-8888,1746117008.6wmez.elenagreco@cardealership.com,na.greco
005Ws000005RIE6IAO,Dae-Hyun,Park,daehyun@cardealership.com,555-999-0001,1746117008.9u7tl.daehyun@cardealership.com,yun.park
005Ws000005RIFhIAO,Alisha,Singh,alishasingh@cardealership.com,555-111-2223,1746117008.kcgbo.alishasingh@cardealership.com,ha.singh
005Ws000005RIHJIA4,Isaac,Cohen,isaaccohen@cardealership.com,555-333-4445,1746117008.0180i.isaaccohen@cardealership.com,ac.cohen
005Ws000005RIHKIA4,Mai,Nguyen,mainguyen@cardealership.com,555-987-5634,1746117008.a270u.mainguyen@cardealership.com,i.nguyen
005Ws000005RIIvIAO,Maya,Patel,mayapatel@cardealership.com,555-555-6667,1746117008.zsijv.mayapatel@cardealership.com,ya.patel
005Ws000005RIKXIA4,Giulia,Lombardi,giulialombardi@cardealership.com,555-999-0002,1746117008.88307.giulialombardi@cardealership.com,lombardi
005Ws000005RIM9IAO,Rajeev,Nair,rajeevnair@cardealership.com,555-210-3342,1746117008.me3vt.rajeevnair@cardealership.com,eev.nair
005Ws000005RINlIAO,Lars,Jensen,larsjensen@cardealership.com,555-332-2233,1746117008.r1icb.larsjensen@cardealership.com,s.jensen
005Ws000005RINmIAO,Jin-Soo,Kim,jinsoo.kim@carhub.com,345-678-9012,1746117008.hhdpv.jinsoo.kim@carhub.com,-soo.kim
005Ws000005RIPNIA4,Chijioke,Chukwu,chijiokechukwu@cardealership.com,555-443-5566,1746117008.afbtl.chijiokechukwu@cardealership.com,e.chukwu
005Ws000005RIPOIA4,Tatiana,Ivanova,tatianaivanova@cardealership.com,555-900-1122,1746117008.v79c1.tatianaivanova@cardealership.com,.ivanova
005Ws000005RIQzIAO,Zhang,Wei,zhangwei@cardealership.com,555-654-7890,1746117008.9jtr0.zhangwei@cardealership.com,hang.wei
005Ws000005RIR0IAO,Anwar,Hassan,anwarhassan@cardealership.com,555-345-6789,1746117008.8ctre.anwarhassan@cardealership.com,r.hassan
005Ws000005RISbIAO,Hassan,Riaz,hassanriaz@cardealership.com,555-667-7889,1746117008.wnm34.hassanriaz@cardealership.com,san.riaz
005Ws000005RIUDIA4,Sofia,Carlucci,sofiacarlucci@cardealership.com,555-778-8899,1746117008.9vjq9.sofiacarlucci@cardealership.com,carlucci
005Ws000005RIUEIA4,Kofi,Mensah,kofimensah@cardealership.com,555-267-1106,1746117008.il6o8.kofimensah@cardealership.com,i.mensah
005Ws000005RIVpIAO,Levi,Cohen,levicohen@cardealership.com,555-112-2334,1746117008.bfzoo.levicohen@cardealership.com,vi.cohen
005Ws000005RIVqIAO,Raj,Patel,rajpatel@cardealership.com,555-234-6789,1746117008.p80ol.rajpatel@cardealership.com,aj.patel
005Ws000005RIXRIA4,Ngoc,Nguyen,ngocnguyen@cardealership.com,555-123-7896,1746117008.cnphf.ngocnguyen@cardealership.com,c.nguyen
005Ws000005RIZ3IAO,Santiago,Valdez,santiagovaldez@cardealership.com,555-234-8907,1746117008.k07no.santiagovaldez@cardealership.com,o.valdez
005Ws000005RIafIAG,Amelie,Dubois,ameliedubois@cardealership.com,555-987-0123,1746117008.lxr44.ameliedubois@cardealership.com,e.dubois
005Ws000005RIagIAG,Li,Ming,liming@cardealership.com,555-876-5432,1746117008.zzwuy.liming@cardealership.com,li.ming
005Ws000005RIcHIAW,Lena,Schmidt,lenaschmidt@cardealership.com,555-456-7890,1746117008.dsuf7.lenaschmidt@cardealership.com,.schmidt
005Ws000005RIdtIAG,Grace,Chen,gracechen@cardealership.com,555-567-8901,1746117008.dxssf.gracechen@cardealership.com,ace.chen
005Ws000005RIfVIAW,Youssef,El-Maghreb,youssefelmaghreb@cardealership.com,555-678-9012,1746117008.1yk0y.youssefelmaghreb@cardealership.com,-maghreb
005Ws000005RIh7IAG,Priyanka,Gupta,priyankagupta@cardealership.com,555-789-0123,1746117008.tto41.priyankagupta@cardealership.com,ka.gupta
005Ws000005RIh8IAG,Chinonso,Eze,chinonsoeze@cardealership.com,555-679-3948,1746117008.rhajl.chinonsoeze@cardealership.com,onso.eze
005Ws000005RIh9IAG,Mia,Johansson,miajohansson@cardealership.com,555-234-6785,1746117008.qcfqj.miajohansson@cardealership.com,ohansson
005Ws000005RIijIAG,Nora,Svensson,norasvensson@cardealership.com,555-892-3457,1746117008.jvpvl.norasvensson@cardealership.com,svensson
005Ws000005RIikIAG,Mohammed,Khan,mohammedkhan@cardealership.com,555-261-1103,1746117008.cwtrw.mohammedkhan@cardealership.com,med.khan
005Ws000005RIkLIAW,Ahmed,Hassan,ahmedhassan@cardealership.com,555-764-2783,1746117008.d3cm4.ahmedhassan@cardealership.com,d.hassan
005Ws000005RIlxIAG,Enzo,Rossi,enzorossi@cardealership.com,555-123-8746,1746117008.3p2nl.enzorossi@cardealership.com,zo.rossi
005Ws000005RIlyIAG,Hiroshi,Ito,hiroshiito@cardealership.com,555-567-7656,1746117008.ldbtl.hiroshiito@cardealership.com,oshi.ito
005Ws000005RInZIAW,Hyejin,Choi,hyejinchoi@cardealership.com,555-309-4819,1746117008.3b01v.hyejinchoi@cardealership.com,jin.choi
005Ws000005RIpBIAW,Mustafa,Ozturk,mustafaozturk@cardealership.com,555-876-2345,1746117008.bvg82.mustafaozturk@cardealership.com,a.ozturk
005Ws000005RIpCIAW,Junho,Kim,junhokim@cardealership.com,555-123-9876,1746117008.hzlew.junhokim@cardealership.com,unho.kim
005Ws000005RIqnIAG,Eoin,O'Sullivan,eoinosullivan@cardealership.com,555-234-8765,1746117008.wshc9.eoinosullivan@cardealership.com,sullivan
005Ws000005RIsPIAW,Zanele,Dlamini,zaneledlamini@cardealership.com,555-345-9876,1746117008.pkmca.zaneledlamini@cardealership.com,.dlamini
005Ws000005RIsQIAW,Samuel,Smith,samuelsmith@cardealership.com,555-012-7654,1746117008.wnmlb.samuelsmith@cardealership.com,el.smith
005Ws000005RIsRIAW,Yara,Chen,yarachen@cardealership.com,555-269-1107,1746117008.py3sq.yarachen@cardealership.com,ara.chen
005Ws000005RIu1IAG,Aleksey,Kozlov,alekseykozlov@cardealership.com,555-456-0987,1746117008.fe19e.alekseykozlov@cardealership.com,y.kozlov
005Ws000005RIu2IAG,Mateo,Ramirez,mateoramirez@cardealership.com,555-901-2345,1746117008.0lfgc.mateoramirez@cardealership.com,.ramirez
005Ws000005RIvdIAG,Luis,Oliveira,luisoliveira@cardealership.com,555-678-3456,1746117008.z7i3l.luisoliveira@cardealership.com,oliveira
005Ws000005RIxFIAW,Amelie,Beaufort,ameliebeaufort@cardealership.com,555-789-6543,1746117008.yeq2b.ameliebeaufort@cardealership.com,beaufort
005Ws000005RIxGIAW,Ivan,Kovalchuk,ivankovalchuk@cardealership.com,555-678-9834,1746117008.jgyfn.ivankovalchuk@cardealership.com,ovalchuk
005Ws000005RIyrIAG,Isabella,Ricci,isabellaricci@cardealership.com,555-890-1234,1746117008.cxhnc.isabellaricci@cardealership.com,la.ricci
005Ws000005RJ0TIAW,Fatimah,Syafiq,fatimahsyafiq@cardealership.com,555-432-5678,1746117008.n08qs.fatimahsyafiq@cardealership.com,h.syafiq
005Ws000005RJ0UIAW,Wei,Ling,weiling@cardealership.com,555-124-9135,1746117008.jrhcl.weiling@cardealership.com,wei.ling
005Ws000005RJ25IAG,Fatou,Diallo,fatoudiallo@cardealership.com,555-345-7890,1746117008.zo9pc.fatoudiallo@cardealership.com,u.diallo
005Ws000005RJ3hIAG,Giovanni,Rossi,giovannirossi@cardealership.com,555-456-8901,1746117008.k1yys.giovannirossi@cardealership.com,ni.rossi
005Ws000005RJ5JIAW,Sofia,Hermandez,sofiahernandez@cardealership.com,555-567-2910,1746117008.mogqi.sofiahernandez@cardealership.com,ermandez
005Ws000005RJ5KIAW,George,Hadad,georgehadad@cardealership.com,555-765-4328,1746117008.x1zhd.georgehadad@cardealership.com,ge.hadad
005Ws000005RJ6vIAG,Ahmed,Khan,ahmedkhan@cardealership.com,555-678-3124,1746117008.785nq.ahmedkhan@cardealership.com,med.khan
005Ws000005RJ8XIAW,Chloe,Ng,chloeng@cardealership.com,555-789-4321,1746117008.lyiz0.chloeng@cardealership.com,chloe.ng
005Ws000005RJA9IAO,Elena,Petrova,elenapetrova@cardealership.com,555-901-6543,1746117008.v3sdw.elenapetrova@cardealership.com,.petrova
005Ws000005RJBlIAO,Ali,Nasser,alinasser@cardealership.com,555-678-9013,1746117008.5l711.alinasser@cardealership.com,i.nasser
005Ws000005RJDNIA4,Juan,Martinez,juanmartinez@cardealership.com,555-765-4321,1746117008.fgopf.juanmartinez@cardealership.com,martinez
005Ws000005RJEzIAO,Amara,Sade,amarasade@cardealership.com,555-987-6543,1746117008.ix98r.amarasade@cardealership.com,ara.sade
005Ws000005RJGbIAO,Yuki,Sato,yukisato@cardealership.com,555-213-5467,1746117008.660dr.yukisato@cardealership.com,uki.sato
005Ws000005RJGcIAO,Emilia,Kowalski,emiliakowalski@cardealership.com,555-890-2345,1746117008.3ffsz.emiliakowalski@cardealership.com,kowalski
005Ws000005RJIDIA4,Fatou,Bamba,fatoubamba@cardealership.com,555-998-5678,1746117008.pjhn2.fatoubamba@cardealership.com,ou.bamba
005Ws000005RJJpIAO,Vanessa,Müller,vanessamuller@cardealership.com,555-876-1234,1746117008.3r5jh.vanessamuller@cardealership.com,a.müller
005Ws000005RJJqIAO,Mohammed,Al-Aziz,mohammedalaziz@cardealership.com,555-789-3456,1746117008.9un0v.mohammedalaziz@cardealership.com,.al-aziz
005Ws000005RJLRIA4,Ravi,Kumar,ravikumar@cardealership.com,555-234-7654,1746117008.nz2ei.ravikumar@cardealership.com,vi.kumar
005Ws000005RJN3IAO,Chinedu,Okoye,chineduokoye@cardealership.com,555-345-6789,1746117008.ottz7.chineduokoye@cardealership.com,du.okoye
005Ws000005RJOfIAO,Liam,Murphy,liammurphy@cardealership.com,555-246-1357,1746117008.udpgf.liammurphy@cardealership.com,m.murphy
005Ws000005RJQHIA4,Priyanka,Menon,priyankamenon@cardealership.com,555-357-2468,1746117008.69hjg.priyankamenon@cardealership.com,ka.menon
005Ws000005RJQIIA4,Priya,Nair,priyanair@cardealership.com,555-298-7654,1746117008.0vqay.priyanair@cardealership.com,iya.nair
005Ws000005RJRtIAO,Hiroko,Yamada,hirokoyamada@cardealership.com,555-468-3579,1746117008.c5yjm.hirokoyamada@cardealership.com,o.yamada
005Ws000005RJRuIAO,Aiden,Fitzgerald,aidenfitzgerald@cardealership.com,555-934-8765,1746117008.j0sc6.aidenfitzgerald@cardealership.com,tzgerald
005Ws000005RJTVIA4,Mohamed,Bakr,mohamedbakr@cardealership.com,555-579-2468,1746117008.qjnae.mohamedbakr@cardealership.com,med.bakr
005Ws000005RJV7IAO,Chantal,Dubois,chantaldubois@cardealership.com,555-680-5791,1746117008.zncld.chantaldubois@cardealership.com,l.dubois
005Ws000005RJWjIAO,Andreas,Johansson,andreasjohansson@cardealership.com,555-791-6802,1746117008.4w3mg.andreasjohansson@cardealership.com,ohansson
005Ws000005RJYLIA4,Pedro,Alvarez,pedroalvarez@cardealership.com,555-013-8024,1746117008.6qbaj.pedroalvarez@cardealership.com,.alvarez
005Ws000005RJZxIAO,Ana,Guerrero,anaguerrero@cardealership.com,555-678-9123,1746117008.5ockb.anaguerrero@cardealership.com,guerrero
005Ws000005RJZyIAO,Tariq,Ahmed,tariqahmed@cardealership.com,555-789-6542,1746117008.zyhk9.tariqahmed@cardealership.com,iq.ahmed
005Ws000005RJbZIAW,Ifeanyi,Nwachukwu,ifeanyinwachukwu@cardealership.com,555-123-6789,1746117008.r0va2.ifeanyinwachukwu@cardealership.com,wachukwu
005Ws000005RJbaIAG,Anna,Müller,annamuller@cardealership.com,555-789-5434,1746117008.57nwr.annamuller@cardealership.com,a.müller
005Ws000005RJdBIAW,Hina,Patel,hinapatel@cardealership.com,555-234-7890,1746117008.d4q1h.hinapatel@cardealership.com,na.patel
005Ws000005RJenIAG,Arjun,Desai,arjundesai@cardealership.com,555-567-1236,1746117008.i2ind.arjundesai@cardealership.com,un.desai
005Ws000005RJgPIAW,Isabel,Romero,isabelromero@cardealership.com,555-678-4537,1746117008.hfmvi.isabelromero@cardealership.com,l.romero
005Ws000005RJgQIAW,Ananya,Das,ananyadas@cardealership.com,555-456-8760,1746117008.l5l6r.ananyadas@cardealership.com,anya.das
005Ws000005RJi1IAG,Hassan,Karim,hassankarim@cardealership.com,555-901-3456,1746117008.z9s31.hassankarim@cardealership.com,an.karim
005Ws000005RJjdIAG,Samuel,Ojo,samuelosho@cardealership.com,555-890-4323,1746117008.xwxlx.samuelosho@cardealership.com,muel.ojo
005Ws000005RJlFIAW,Zara,Patel,zarapatel@cardealership.com,555-901-3212,1746117008.l4xse.zarapatel@cardealership.com,ra.patel
005Ws000005RJmrIAG,Luiz,Oliveira,luizoliveira@cardealership.com,555-012-2109,1746117008.rkf10.luizoliveira@cardealership.com,oliveira
005Ws000005RJoTIAW,Sanjay,Kumar,sanjaykumar@cardealership.com,555-654-3219,1746117008.ent59.sanjaykumar@cardealership.com,ay.kumar
005Ws000005RJq5IAG,Nkechi,Aluko,nkechialuko@cardealership.com,555-768-5432,1746117008.uznqc.nkechialuko@cardealership.com,hi.aluko
005Ws000005RJrhIAG,Kaito,Nakamura,kaitonakamura@cardealership.com,555-873-4563,1746117008.54n5s.kaitonakamura@cardealership.com,nakamura
005Ws000005RJriIAG,Kimiko,Tanaka,kimikotanaka@cardealership.com,555-432-1234,1746117008.pmej2.kimikotanaka@cardealership.com,o.tanaka
005Ws000005RJtJIAW,Sofia,Ivanova,sofiaivanova@cardealership.com,555-874-3291,1746117008.4xnff.sofiaivanova@cardealership.com,.ivanova
005Ws000005RJuvIAG,Lucia,Alvarez,luciaalvarez@cardealership.com,555-263-1104,1746117008.s7qiv.luciaalvarez@cardealership.com,.alvarez
005Ws000005RJwXIAW,Dmitri,Volkov,dmitrivolkov@cardealership.com,555-265-1105,1746117008.0l3s8.dmitrivolkov@cardealership.com,i.volkov
005Ws000005RJy9IAG,Sofia,Lopez,sofialopez@cardealership.com,555-271-1108,1746117008.suawo.sofialopez@cardealership.com,ia.lopez
005Ws000005RJzlIAG,Sara,Ahmed,saraahmed@cardealership.com,555-275-1110,1746117008.mayi3.saraahmed@cardealership.com,ra.ahmed
005Ws000005RK1NIAW,Omar,Hassan,omarhassan@cardealership.com,555-277-1111,1746117008.xdjzu.omarhassan@cardealership.com,r.hassan
005Ws000005RK2zIAG,Anna,Johansson,annajohansson@cardealership.com,555-279-1112,1746117008.dp2ip.annajohansson@cardealership.com,ohansson
005Ws000005RK4bIAG,Rajiv,Shankar,rajivshankar@cardealership.com,555-312-7890,1746117008.xz9sy.rajivshankar@cardealership.com,.shankar
005Ws000005RK6DIAW,Luis,Fernandez,luisfernandez@cardealership.com,555-543-2109,1746117008.5you1.luisfernandez@cardealership.com,ernandez
005Ws000005RK7pIAG,Thandiwe,Mbali,thandimbali@cardealership.com,555-789-2345,1746117008.s5jvt.thandimbali@cardealership.com,we.mbali
005Ws000005RK9RIAW,Aisha,Said,aishasaid@cardealership.com,555-567-2345,1746117008.obd7a.aishasaid@cardealership.com,sha.said
005Ws000005SmzhIAC,,test,kh.huang@salesforce.com,,crmarena_b2c@gmaill.com,test
